{"inputUnits":[42],"outputUnits":4,"inputs":{"0":{"dtype":"number","min":163.09149749660196,"max":1005.7858680386798},"1":{"dtype":"number","min":48.65432083598466,"max":511.97476288438895},"2":{"dtype":"number","min":239.16367979198782,"max":951.1806289941497},"3":{"dtype":"number","min":140.7339456838732,"max":479.0431896804205},"4":{"dtype":"number","min":302.6023751784984,"max":886.9122339617531},"5":{"dtype":"number","min":193.95728286197294,"max":422.5509387699824},"6":{"dtype":"number","min":360.57538802732313,"max":838.4986192526324},"7":{"dtype":"number","min":213.97277555732063,"max":423.6251115388925},"8":{"dtype":"number","min":397.8093139758593,"max":880.6035034875202},"9":{"dtype":"number","min":220.7240036124816,"max":442.4567287493907},"10":{"dtype":"number","min":351.1880283748194,"max":855.5073604237589},"11":{"dtype":"number","min":186.0013176642555,"max":403.47966947303564},"12":{"dtype":"number","min":441.2673644590532,"max":920.9733429792052},"13":{"dtype":"number","min":173.61779997128727,"max":395.2352633119291},"14":{"dtype":"number","min":417.48955112767874,"max":969.9606828588899},"15":{"dtype":"number","min":120.45959876769996,"max":449.4992044942362},"16":{"dtype":"number","min":391.80155496751604,"max":1009.3651714504513},"17":{"dtype":"number","min":62.12634023906628,"max":496.17914747164116},"18":{"dtype":"number","min":354.4872280507151,"max":899.274243855968},"19":{"dtype":"number","min":227.79520767983388,"max":440.68640581457595},"20":{"dtype":"number","min":444.8877371697986,"max":904.5156346288625},"21":{"dtype":"number","min":243.81221115299704,"max":460.81246707893547},"22":{"dtype":"number","min":417.53445199664225,"max":884.2017696166267},"23":{"dtype":"number","min":252.68434477818334,"max":456.75163993976565},"24":{"dtype":"number","min":388.273700795339,"max":877.9498679920811},"25":{"dtype":"number","min":247.10379529501546,"max":448.5577142436486},"26":{"dtype":"number","min":349.8232235166101,"max":936.3418722327699},"27":{"dtype":"number","min":218.07924838400203,"max":487.70797679990204},"28":{"dtype":"number","min":427.6380340026957,"max":911.8266217618901},"29":{"dtype":"number","min":298.40965935564014,"max":504.4106891704319},"30":{"dtype":"number","min":399.7972891859863,"max":895.5262480491427},"31":{"dtype":"number","min":267.8394983665447,"max":494.4690106857769},"32":{"dtype":"number","min":372.7543617988113,"max":894.1103522626652},"33":{"dtype":"number","min":245.54272512012614,"max":485.2803937254762},"34":{"dtype":"number","min":340.485656462306,"max":966.2320301257577},"35":{"dtype":"number","min":209.91188665519923,"max":534.3963939755423},"36":{"dtype":"number","min":403.5909877931412,"max":941.3328811966016},"37":{"dtype":"number","min":266.4548172759365,"max":537.4484213651813},"38":{"dtype":"number","min":380.11174859060407,"max":920.4627158033618},"39":{"dtype":"number","min":253.7093946868469,"max":526.289745785195},"40":{"dtype":"number","min":353.3239727408409,"max":915.2225733844579},"41":{"dtype":"number","min":229.80587381099213,"max":517.464401679948}},"outputs":{"0":{"dtype":"string","min":0,"max":1,"uniqueValues":["Point Up","Point Down","Point Left","Point Right"],"legend":{"Point Up":[1,0,0,0],"Point Down":[0,1,0,0],"Point Left":[0,0,1,0],"Point Right":[0,0,0,1]}}},"isNormalized":true}